{"hue": {"GO": [0.0, 0.0, 0.0, 0.0, 0.0, 0.03333333507180214, 0.06666667014360428, 0.13333334028720856, 0.0, 0.06666667014360428, 0.20000000298023224, 0.1666666716337204, 0.3333333432674408, 0.0, 0.0, 0.0, 0.0, 0.0, 0.0, 0.0, 0.0, 0.0, 0.0, 0.0, 0.0, 0.0, 0.0, 0.0, 0.0, 0.0], "BOX": [0.1666666716337204, 0.0, 0.03333333507180214, 0.03333333507180214, 0.0, 0.13333334028720856, 0.0, 0.0, 0.0, 0.0, 0.0, 0.0, 0.0, 0.0, 0.0, 0.0, 0.0, 0.0, 0.0, 0.0, 0.0, 0.10000000149011612, 0.10000000149011612, 0.03333333507180214, 0.06666667014360428, 0.03333333507180214, 0.03333333507180214, 0.03333333507180214, 0.0, 0.23333333432674408], "WARNING": [0.1041666641831398, 0.0833333358168602, 0.25, 0.0833333358168602, 0.4583333432674408, 0.02083333395421505, 0.0, 0.0, 0.0, 0.0, 0.0, 0.0, 0.0, 0.0, 0.0, 0.0, 0.0, 0.0, 0.0, 0.0, 0.0, 0.0, 0.0, 0.0, 0.0, 0.0, 0.0, 0.0, 0.0, 0.0], "STOP": [0.1818181872367859, 0.1515151560306549, 0.16161616146564484, 0.05050504952669144, 0.0, 0.0, 0.0, 0.0, 0.0, 0.0, 0.0, 0.0, 0.0, 0.0, 0.0, 0.0, 0.0, 0.0, 0.0, 0.0, 0.010101010091602802, 0.0, 0.0, 0.020202020183205605, 0.010101010091602802, 0.0, 0.06060606241226196, 0.05050504952669144, 0.12121212482452393, 0.1818181872367859]}, "sat": {"GO": [0.0, 0.0, 0.0, 0.0, 0.10000000149011612, 0.13333334028720856, 0.03333333507180214, 0.1666666716337204, 0.06666667014360428, 0.0, 0.03333333507180214, 0.13333334028720856, 0.1666666716337204, 0.0, 0.10000000149011612, 0.03333333507180214, 0.03333333507180214, 0.0, 0.0, 0.0, 0.0, 0.0, 0.0, 0.0, 0.0, 0.0, 0.0, 0.0, 0.0, 0.0, 0.0, 0.0], "BOX": [0.0, 0.0, 0.20000000298023224, 0.06666667014360428, 0.10000000149011612, 0.20000000298023224, 0.1666666716337204, 0.06666667014360428, 0.13333334028720856, 0.06666667014360428, 0.0, 0.0, 0.0, 0.0, 0.0, 0.0, 0.0, 0.0, 0.0, 0.0, 0.0, 0.0, 0.0, 0.0, 0.0, 0.0, 0.0, 0.0, 0.0, 0.0, 0.0, 0.0], "WARNING": [0.0, 0.0, 0.0, 0.0, 0.0, 0.0, 0.02083333395421505, 0.0625, 0.02083333395421505, 0.02083333395421505, 0.0, 0.0, 0.0625, 0.0833333358168602, 0.02083333395421505, 0.0416666679084301, 0.0416666679084301, 0.0, 0.1041666641831398, 0.0416666679084301, 0.0833333358168602, 0.02083333395421505, 0.0416666679084301, 0.0833333358168602, 0.0625, 0.0833333358168602, 0.0625, 0.0, 0.0416666679084301, 0.0, 0.0, 0.0], "STOP": [0.0, 0.0, 0.0, 0.020408162847161293, 0.0, 0.010204081423580647, 0.010204081423580647, 0.010204081423580647, 0.030612245202064514, 0.010204081423580647, 0.040816325694322586, 0.051020409911870956, 0.020408162847161293, 0.0, 0.030612245202064514, 0.020408162847161293, 0.020408162847161293, 0.010204081423580647, 0.030612245202064514, 0.020408162847161293, 0.040816325694322586, 0.06122449040412903, 0.040816325694322586, 0.0714285746216774, 0.13265305757522583, 0.0714285746216774, 0.12244898080825806, 0.06122449040412903, 0.040816325694322586, 0.0, 0.020408162847161293, 0.0]}}